episode,full_coverage,coverage,coverage_percent,steps,total_reward,visited_cells,total_free_cells,terminated,truncated
1,False,0.18181818181818182,18.181818181818183,30,-18.499999999999993,4,22,False,True
2,False,0.09090909090909091,9.090909090909092,30,-21.499999999999993,2,22,False,True
