{
  "average_coverage": 0.4923579692840576,
  "average_coverage_percent": 49.23579788208008,
  "average_reward": -274.3730163574219,
  "average_steps": 1000.0,
  "deterministic": true,
  "dim": 20,
  "episodes": 100,
  "full_coverage_count": 0,
  "full_coverage_rate": 0.0,
  "full_coverage_rate_percent": 0.0,
  "max_coverage_percent": 81.53409576416016,
  "max_steps": 1000,
  "min_coverage_percent": 1.4204546213150024,
  "min_steps": 1000,
  "model_path": "data\\ppo_cpp_mixed_view5_seed42_20260507_164213_ppo_all_sizes.zip",
  "obstacles": 48,
  "std_coverage_percent": 17.07070541381836,
  "std_steps": 0.0,
  "view_radius": 2
}